range,optimal_x,optimal_y
1,763.5867,542.7630
2,828.0424,608.4901
3,828.0424,608.4901
4,931.1516,454.7590
5,931.1516,454.7590
6,628.2947,111.5766
7,642.7306,152.7878
8,907.0200,490.9246
9,907.0200,490.9246
10,907.0200,490.9246
11,841.8777,648.3840
12,841.8777,648.3840
13,822.1059,604.0377
14,822.1059,604.0377
15,931.2841,447.3395
16,931.2841,447.3395
17,622.4766,106.9706
18,622.4766,106.9706
19,641.0961,160.0262
20,641.0961,160.0262
21,641.0961,160.0262
22,641.0961,160.0262
23,771.9096,555.9978
24,771.9096,555.9978
25,839.7788,663.0761
26,839.7788,663.0761
27,839.7788,663.0761
28,839.7788,663.0761
29,839.7788,663.0761
30,839.7788,663.0761
31,839.7788,663.0761
32,839.7788,663.0761
33,839.7788,663.0761
34,839.7788,663.0761
35,839.7788,663.0761
36,770.3845,653.1538
37,770.3819,653.1720
38,770.3831,653.1641
39,770.3869,653.1366
40,770.3899,653.1160
41,770.3855,653.1430
42,770.3773,653.1894
43,770.3722,653.2134
44,770.3378,653.4244
45,769.0652,653.6005
46,767.8617,653.7197
47,766.3292,653.6652
48,564.4687,158.2633
49,563.6240,158.5072
50,562.7047,159.0997
51,561.7291,159.0978
52,559.4467,155.8974
53,771.9209,653.3437
54,771.9209,653.3437
55,771.9209,653.3437
56,771.9209,653.3437
57,771.9209,653.3437
58,771.9209,653.3437
59,771.9209,653.3437
60,771.9209,653.3437
61,751.2448,659.6451
62,750.1970,659.4796
63,748.9060,658.7251
64,747.6787,658.5884
65,745.7997,656.0546
66,745.1605,657.4530
67,742.9081,652.8802
68,742.9903,657.0030
69,741.6662,656.1886
70,739.6634,652.4777
71,739.2374,654.3288
72,737.7839,652.9768
73,736.3681,651.1233
74,735.6652,652.1726
75,684.3292,751.0588
76,683.6167,752.9239
77,685.0140,753.1768
78,685.9099,753.4720
79,688.0504,752.5887
80,688.1844,753.9669
81,689.5610,754.1542
82,690.4410,754.4204
83,691.8045,754.5683
84,693.1617,754.7001
85,727.4549,635.4798
86,726.7085,634.6151
87,726.1748,633.6393
88,725.5366,632.4551
89,725.1265,631.4418
90,724.4629,630.4333
91,723.8863,629.3370
92,723.3890,628.2223
93,722.6971,627.3857
94,721.3566,628.0366
95,720.5639,627.0928
96,719.8816,626.2514
97,719.5088,625.1059
98,721.3274,620.2090
99,722.9148,616.1252
100,724.2811,613.0095
101,725.1820,610.0783
102,735.6482,624.0013
103,740.3745,629.8703
104,742.8926,632.1928
105,744.9261,633.7782
106,744.2701,633.2862
107,744.2701,633.2862
108,721.1240,671.4230
109,721.1240,671.4230
110,721.1240,671.4230
111,721.1240,671.4230
112,582.3115,281.4572
113,581.9785,279.8393
114,581.8082,278.2708
115,581.3571,276.6062
116,576.7795,271.6052
117,577.1261,270.6947
118,576.4291,268.9244
119,576.2208,267.5461
120,575.9769,266.0482
121,576.1860,264.9938
122,573.6376,262.1267
123,573.9985,261.1657
124,573.8885,259.7706
125,574.4558,258.9042
126,574.5043,258.8317
127,574.4990,258.8370
128,571.6111,261.7921
129,570.5572,262.8707
130,569.3824,264.0726
131,569.3244,264.1321
132,569.3178,264.1388
133,508.1661,227.4189
134,507.5050,228.1690
135,507.5366,228.1386
136,508.5429,227.0103
137,509.2639,226.2020
138,509.8204,225.5780
139,565.4567,268.3639
140,565.4487,268.3728
141,565.4415,268.3810
142,507.7855,227.8595
143,507.7858,227.8591
144,507.7859,227.8591
145,507.7862,227.8586
146,507.7865,227.8582
147,507.7868,227.8578
148,502.8578,233.3843
149,560.1611,274.3015
150,565.1075,268.7555
151,565.1080,268.7549
152,565.1128,268.7495
153,565.1437,268.7149
154,560.1760,274.2847
155,560.1782,274.2822
156,560.1799,274.2804
157,560.1813,274.2789
158,560.2030,274.2544
159,555.2533,279.8040
160,555.2549,279.8022
161,555.2563,279.8007
162,555.2574,279.7995
163,555.2584,279.7986
164,555.2756,279.7790
165,555.2741,279.7808
166,555.2553,279.8021
167,555.2126,279.8510
168,555.2125,279.8512
169,555.2123,279.8513
170,555.2122,279.8514
171,555.2120,279.8516
172,560.1497,274.3151
173,560.1495,274.3153
174,560.1494,274.3154
175,560.1492,274.3156
176,560.1490,274.3158
177,560.1488,274.3160
178,560.1487,274.3161
179,560.1485,274.3163
180,560.1483,274.3165
181,560.1481,274.3167
182,560.1479,274.3169
183,560.1477,274.3170
184,565.0850,268.7812
185,565.0847,268.7815
186,512.8424,222.1894
187,512.5166,222.5547
188,512.5115,222.5607
189,512.5058,222.5664
190,512.4980,222.5754
191,512.4901,222.5844
192,512.4821,222.5932
193,512.4740,222.6020
194,512.4636,222.6139
195,512.4531,222.6258
196,512.4424,222.6375
197,512.4294,222.6524
198,512.4162,222.6671
199,490.3117,240.7433
200,489.3105,241.4129
201,488.3470,240.1253
202,487.2662,239.7268
203,650.8276,842.8557
204,650.7804,842.9266
205,650.7241,843.0110
206,650.6643,843.1008
207,650.5533,843.2789
208,651.1831,842.5027
209,652.0399,841.9871
210,654.9171,836.7216
211,654.8568,836.8120
212,654.7941,836.9060
213,654.7225,837.0134
214,654.5630,837.2589
215,655.2308,836.6227
216,656.1707,836.1944
217,657.2728,835.7712
218,658.9387,830.6892
219,658.8738,830.7865
220,658.7999,830.8973
221,658.7430,830.9826
222,659.2176,830.6717
223,659.8384,829.8873
224,660.6791,829.3457
225,663.0417,824.5345
226,662.9856,824.6187
227,662.9240,824.7111
228,662.8786,824.7793
229,663.1478,824.6935
230,663.7713,823.9079
231,664.6000,823.3377
232,671.2440,791.1576
233,671.2417,791.1462
234,671.2397,791.1367
235,671.2380,791.1277
236,671.2363,791.1202
237,671.2341,791.1094
238,669.7406,783.9141
239,669.7388,783.9048
240,669.7372,783.8971
241,669.7357,783.8903
242,669.7344,783.8835
243,669.7333,783.8783
244,668.2408,776.6874
245,668.2384,776.6761
246,668.2365,776.6662
247,668.2347,776.6580
248,668.2332,776.6508
249,668.2319,776.6442
250,668.2307,776.6385
251,598.1317,783.3501
252,598.1318,783.3506
253,598.1246,783.3154
254,598.1233,783.3097
255,598.1234,783.3100
256,598.1239,783.3136
257,598.1221,783.3040
258,596.6215,776.0760
259,596.6205,776.0684
260,696.3340,322.8135
261,696.3336,322.8148
262,626.2333,330.2632
263,626.2333,330.2632
264,624.4336,321.2004
265,624.4324,321.2014
266,624.4335,321.2005
267,624.4325,321.2013
268,624.4316,321.2021
269,624.4308,321.2029
270,624.4321,321.2018
271,624.4325,321.2012
272,624.4322,321.2017
273,619.0084,326.2514
274,619.0074,326.2522
275,619.0067,326.2530
276,613.5844,331.3012
277,613.5832,331.3024
278,613.5821,331.3035
279,608.1625,336.3494
280,608.1604,336.3512
281,608.1586,336.3527
282,608.1571,336.3542
283,602.6206,341.3724
284,602.6206,341.3724
285,602.6206,341.3724
286,602.6206,341.3724
287,602.6206,341.3724
288,618.3951,335.7625
289,610.9428,410.2743
290,610.2294,409.4898
291,609.3068,408.8291
292,608.3998,407.6717
293,618.3951,335.7625
294,622.6236,405.7350
295,615.2335,406.1874
296,615.2344,406.1872
297,615.2352,406.1873
298,615.2354,406.1872
299,615.2353,406.1873
300,615.2350,406.1873
301,615.2362,406.1872
302,615.2218,406.1881
303,607.9843,408.9341
304,608.1963,409.9334
305,608.9330,439.4311
306,609.8624,437.5638
307,609.4303,436.7713
308,608.3071,436.1981
309,607.5666,435.4367
310,773.4231,548.7331
311,773.4231,548.7331
312,773.4231,548.7331
313,773.4231,548.7331
314,773.4231,548.7331
315,773.4231,548.7331
316,773.4231,548.7331
317,773.4231,548.7331
318,771.9096,555.9978
319,771.9096,555.9978
320,771.9096,555.9978
321,771.9096,555.9978
322,771.9096,555.9978
323,771.9096,555.9978
324,771.9096,555.9978
325,771.9096,555.9978
326,701.7514,549.0530
327,701.7509,549.0539
328,701.7508,549.0552
329,700.6026,554.5667
330,700.3975,555.5505
331,770.3962,563.2624
332,770.3962,563.2624
333,763.5867,542.7630
334,763.5867,542.7630
335,763.5867,542.7630
336,763.5867,542.7630
337,763.5867,542.7630
338,763.5867,542.7630
339,767.9176,548.7887
340,767.9176,548.7887
341,767.9176,548.7887
342,767.9176,548.7887
343,767.9176,548.7887
344,767.9176,548.7887
345,772.2582,554.9986
346,772.2575,554.9977
347,772.2569,554.9968
348,772.2562,554.9958
349,772.2556,554.9948
350,772.2550,554.9939
351,776.5828,561.0157
352,776.5818,561.0138
353,776.5808,561.0128
354,776.5799,561.0109
355,776.5789,561.0099
356,776.5780,561.0089
357,780.8982,567.0195
358,780.8974,567.0184
359,780.8967,567.0174
360,780.8959,567.0163
361,780.8952,567.0153
362,780.8945,567.0142
363,785.2166,573.0277
364,785.2160,573.0266
365,785.2155,573.0255
366,785.2148,573.0254
367,785.2143,573.0243
368,785.2138,573.0232
369,785.2131,573.0231
370,789.5367,579.0378
371,789.5373,579.0390
372,789.5379,579.0392
373,789.5372,579.0390
374,789.5368,579.0378
375,701.7680,548.9704
376,701.7644,548.9864
377,701.7541,549.0382
378,701.7542,549.0382
379,701.7542,549.0382
380,695.0355,605.1812
381,694.7031,606.1372
382,694.3566,607.1044
383,694.0246,608.0532
384,693.7095,608.9851
385,693.3769,609.9296
386,693.0635,610.8495
387,692.3964,611.8018
388,691.1108,612.6589
389,691.7984,613.9498
390,691.5012,614.8354
391,691.1939,615.7193
392,690.6102,616.7465
393,690.4722,617.7233
394,690.2798,618.7966
395,684.9875,622.6617
396,683.7200,622.0388
397,690.7856,622.1026
398,690.8963,623.0471
399,689.8605,623.9922
400,690.5096,625.0049
401,684.3377,625.0327
402,680.9322,625.4867
403,680.3575,626.3866
404,687.4339,628.5649
405,688.6566,631.9799
406,691.9076,632.0181
407,692.7777,631.3504
408,693.6225,630.6289
409,694.6946,630.0273
410,695.9889,629.2682
411,696.5083,628.3999
412,698.5402,628.1558
413,699.0622,627.2109
414,700.0418,626.3635
415,700.5796,625.6094
416,701.2785,624.8660
417,701.8308,623.8247
418,703.2244,623.2367
419,703.8096,622.3966
420,708.1563,622.8454
421,708.7447,621.9047
422,709.2826,621.0745
423,709.8170,620.2395
424,710.1466,619.3698
425,710.5953,618.5037
426,711.0731,617.6405
427,711.5617,616.7775
428,712.0545,615.9139
429,712.5482,615.0488
430,713.0412,614.1819
431,723.9235,618.7704
432,724.5674,618.0232
433,725.1973,617.2614
434,725.8545,616.5113
435,726.6183,615.8345
436,727.1537,614.9880
437,727.6956,614.1456
438,728.2638,613.7273
439,728.2646,613.7285
440,728.2654,613.7296
441,728.2661,613.7308
442,732.5892,619.7451
443,732.5901,619.7467
444,732.5910,619.7479
445,732.5919,619.7490
446,732.5927,619.7506
447,732.5935,619.7518
448,732.5944,619.7524
449,732.5951,619.7535
450,744.2832,633.2957
451,744.2850,633.2970
452,744.2868,633.2984
453,744.2885,633.2998
454,744.2903,633.3011
455,744.2920,633.3026
456,744.2934,633.3035
457,744.2949,633.3045
458,750.2200,637.7485
459,750.2218,637.7498
460,744.2993,633.3081
461,744.3004,633.3087
462,744.3018,633.3097
463,744.3031,633.3108
464,744.3043,633.3119
465,744.3054,633.3125
466,729.4737,497.5465
467,729.4727,497.5470
468,729.4717,497.5476
469,674.9528,562.0472
470,678.9058,561.9485
471,682.5146,561.8422
472,685.4812,561.6356
473,689.1071,561.4672
474,692.2406,561.3695
475,694.9509,561.1804
476,695.1102,559.9690
477,695.2845,559.0272
478,695.2361,557.9784
479,694.8808,556.9893
480,696.7941,556.3313
481,697.1370,555.3914
482,697.4962,554.4578
483,697.8704,553.5302
484,698.2582,552.6082
485,706.1635,582.9785
486,706.2765,583.1362
487,706.2687,583.1254
488,706.2611,583.1148
489,706.2536,583.1043
490,706.2461,583.0939
491,706.2477,583.0961
492,689.4049,542.0974
493,692.0667,541.7516
494,689.5507,540.1449
495,684.0262,537.5870
496,685.6500,536.9739
497,681.6090,535.1150
498,681.6476,533.9771
499,677.6261,532.1351
500,687.9076,533.5166
501,691.8573,533.4535
502,689.4167,531.7095
503,682.9223,529.1882
504,685.4028,528.7271
505,674.6786,525.3082
506,681.3765,525.7624
507,693.9638,527.7969
508,690.9845,525.9137
509,691.6535,525.1515
510,689.2140,523.4054
511,685.0893,521.5532
512,685.1536,520.4875
513,682.6104,518.9286
514,693.9051,520.4951
515,693.7800,519.5387
516,690.6818,517.6664
517,691.4310,516.8787
518,688.9750,515.1559
519,671.0441,510.2686
520,674.4208,509.8726
521,682.4372,510.5452
522,678.2709,508.6620
523,678.3594,507.6518
524,667.7889,504.5025
525,674.2874,504.7500
526,669.9946,502.8686
527,670.2213,501.8401
528,654.9663,498.1749
529,666.1393,498.9536
530,664.5395,497.7509
531,660.5010,496.0192
532,660.4569,494.8663
533,658.8689,493.6462
534,657.2518,492.4691
535,651.1070,490.4163
536,653.1964,489.5445
537,651.5951,488.3451
538,649.9820,487.1625
539,648.3698,485.9786
540,644.4023,484.2906
541,641.1160,482.8589
542,642.5845,482.1199
543,641.1211,480.6429
544,639.5136,479.4526
545,637.9070,478.2611
546,636.3012,477.0685
547,634.6962,475.8748
548,633.0921,474.6799
549,631.4887,473.4839
550,629.8862,472.2869
551,628.2845,471.0887
552,626.6835,469.8895
553,625.0834,468.6892
554,623.4840,467.4879
555,621.8685,466.3457
556,620.1412,465.3667
557,618.7683,464.3425
558,617.8981,463.2670
559,616.6354,462.0225
560,616.4936,460.7873
561,615.2006,459.9184
562,613.9235,458.7928
563,613.1127,457.7711
564,612.1904,456.4630
565,612.0846,455.7424
566,610.8864,454.6136
567,609.8714,453.5503
568,608.7039,452.2230
569,607.8251,451.2397
570,607.7453,450.4196
571,606.9126,449.1356
572,605.2292,448.0457
573,605.1778,447.1064
574,603.8928,446.1199
575,603.0091,445.2342
576,602.0806,444.1861
577,601.2573,443.3769
578,599.9325,442.6670
579,599.8930,441.7702
580,598.5955,440.8735
581,597.7044,440.0757
582,596.8592,438.9805
583,595.8813,438.1832
584,594.6703,437.3016
585,594.6407,436.4510
586,593.3331,435.6207
587,592.0556,434.5989
588,591.1855,433.7012
589,590.3047,432.8773
590,589.4446,431.9288
591,589.4202,431.1439
592,588.1076,430.3442
593,586.8090,429.4592
594,586.3009,428.5643
595,585.0779,427.6808
596,584.6461,426.8024
597,583.7092,425.9218
598,582.9138,425.0722
599,582.0131,424.2044
600,581.1448,423.1258
601,580.2281,422.4346
602,579.0190,421.6193
603,578.5884,420.7351
604,577.7511,419.8023
605,576.4351,419.0205
606,575.9594,417.9914
607,575.1722,417.2174
608,574.3067,416.3968
609,573.3845,415.3149
610,572.5169,414.7497
611,571.2978,413.7789
612,570.8108,412.8187
613,570.0098,412.1853
614,568.7314,411.2048
615,568.2769,410.3976
616,567.3952,409.6416
617,566.5100,409.1720
618,565.4793,409.2346
619,564.4545,409.2992
620,563.5856,409.3501
621,562.3848,409.4234
622,561.3522,409.4871
623,560.5926,409.5341
624,570.7135,408.9142
625,570.7135,408.9142
626,570.7135,408.9141
627,570.7135,408.9141
628,563.3075,409.3665
629,563.3076,409.3665
630,563.3076,409.3665
631,563.3076,409.3665
632,563.3076,409.3664
633,563.3092,409.3676
634,563.3092,409.3676
635,563.3092,409.3676
636,563.3092,409.3675
637,563.3092,409.3675
638,563.3092,409.3675
639,563.3093,409.3675
640,563.3093,409.3675
641,563.3093,409.3674
642,563.3093,409.3674
643,563.3093,409.3674
644,563.3093,409.3674
645,570.7138,408.9138
646,585.5226,408.0066
647,592.9270,407.5530
648,592.9270,407.5530
649,585.5227,408.0065
650,570.7138,408.9137
651,563.3094,409.3673
652,563.3094,409.3673
653,546.5375,408.1614
654,546.5375,408.1614
655,546.5375,408.1614
656,539.2800,406.6340
657,539.2800,406.6340
658,539.2800,406.6340
659,532.0209,405.1055
660,532.0209,405.1055
661,532.0209,405.1055
662,524.7618,403.5770
663,524.7618,403.5769
664,524.7618,403.5769
665,517.8683,402.1257
666,517.8036,402.1128
667,517.5042,402.0497
668,517.5042,402.0497
669,517.5042,402.0497
670,517.5042,402.0496
671,510.6091,400.5976
672,510.6069,400.5969
673,510.6046,400.5963
674,510.3321,400.5396
675,510.2451,400.5212
676,510.2451,400.5212
677,510.2451,400.5212
678,503.3476,399.0688
679,503.3454,399.0682
680,503.3432,399.0676
681,503.2208,399.0429
682,502.9859,398.9927
683,502.9859,398.9927
684,502.9859,398.9927
685,536.7974,345.6341
686,536.7974,345.6341
687,536.7974,345.6341
688,536.7974,345.6341
689,533.6071,338.9343
690,533.6071,338.9343
691,533.6071,338.9343
692,533.6071,338.9343
693,533.6071,338.9343
694,467.1462,362.4158
695,467.1462,362.4151
696,530.4533,332.5439
697,530.4542,332.5458
698,530.4550,332.5474
699,530.4167,332.2345
700,463.9568,355.7177
701,463.9559,355.7170
702,463.9559,355.7162
703,463.9559,355.7154
704,463.9549,355.7147
705,527.2263,325.5347
706,528.4614,337.8193
707,528.4614,337.8193
708,528.4614,337.8193
709,528.4614,337.8193
710,528.4614,337.8193
711,528.4614,337.8193
712,528.4614,337.8193
713,529.3284,330.4495
714,529.3284,330.4495
715,529.3284,330.4495
716,529.3284,330.4495
717,529.3284,330.4495
718,529.3284,330.4495
719,529.3284,330.4495
720,530.1034,323.0171
721,530.1034,323.0171
722,530.1034,323.0170
723,530.1034,323.0170
724,530.1034,323.0170
725,530.1035,323.0170
726,530.1035,323.0170
727,530.9700,315.6479
728,530.9700,315.6479
729,530.9700,315.6479
730,530.9700,315.6479
731,530.9700,315.6478
732,530.9701,315.6478
733,530.9701,315.6478
734,531.8366,308.2788
735,531.8366,308.2787
736,531.8366,308.2787
737,531.8366,308.2787
738,531.8367,308.2787
739,531.8367,308.2787
740,531.8367,308.2786
741,532.7965,300.9703
742,532.7965,300.9703
743,532.7965,300.9703
744,532.7965,300.9703
745,532.7965,300.9703
746,532.7965,300.9703
747,525.6440,313.1526
748,525.6440,313.1526
749,525.6440,313.1526
750,525.6440,313.1526
751,525.6440,313.1526
752,525.6440,313.1526
753,525.6440,313.1526
754,525.6440,313.1526
755,525.6440,313.1526
756,525.6440,313.1526
757,525.6440,313.1526
758,525.6440,313.1526
759,525.6440,313.1526
760,525.6440,313.1526
761,525.6440,313.1526
762,525.6440,313.1526
763,525.6440,313.1526
764,525.6440,313.1526
765,525.6440,313.1526
766,530.5832,307.6146
767,535.4393,302.0220
768,540.3780,296.4848
769,545.3168,290.9476
770,545.3168,290.9476
771,550.2539,285.4094
772,550.2556,285.4104
773,550.2556,285.4104
774,555.1927,279.8722
775,555.1927,279.8722
776,555.1927,279.8722
777,555.1927,279.8721
778,560.1315,274.3350
779,560.1315,274.3350
780,560.1316,274.3349
781,560.1316,274.3349
782,560.1316,274.3349
783,565.0704,268.7977
784,565.0704,268.7977
785,565.0704,268.7977
786,565.0704,268.7977
787,568.9784,264.4871
788,568.9785,264.4870
789,568.9785,264.4870
790,568.9785,264.4870
791,568.9785,264.4870
792,574.1637,259.1802
793,574.1637,259.1802
794,574.1637,259.1801
795,574.1637,259.1801
796,579.3498,253.8738
797,579.3498,253.8738
798,579.3498,253.8738
799,579.3498,253.8737
800,584.5359,248.5674
801,584.5359,248.5674
802,584.5359,248.5674
803,584.5359,248.5673
804,584.5360,248.5673
805,589.7220,243.2610
806,589.7220,243.2610
807,589.7221,243.2610
808,589.7221,243.2609
809,594.9073,237.9542
810,594.9073,237.9542
811,594.9073,237.9541
812,594.9082,237.9545
813,594.9082,237.9545
814,600.0934,232.6478
815,600.0935,232.6477
816,600.0935,232.6477
817,600.0935,232.6477
818,600.0935,232.6476
819,605.2796,227.3414
820,605.2796,227.3413
821,605.2796,227.3413
822,605.2796,227.3413
823,610.4657,222.0350
824,610.4658,222.0349
825,610.4658,222.0349
826,610.4660,222.0345
827,610.5596,222.0809
828,615.6510,216.7281
829,615.7461,216.7738
830,615.7461,216.7738
831,416.1745,263.3577
832,416.1745,263.3577
833,416.1745,263.3577
834,416.1745,263.3577
835,410.2990,267.8902
836,410.2990,267.8902
837,410.2990,267.8902
838,410.2990,267.8902
839,404.4235,272.4227
840,404.4235,272.4227
841,404.4235,272.4227
842,404.4235,272.4227
843,398.5479,276.9553
844,398.5479,276.9553
845,398.5479,276.9553
846,398.5479,276.9553
847,392.6724,281.4878
848,392.6724,281.4878
849,392.6724,281.4878
850,392.6724,281.4878
851,386.7969,286.0204
852,386.7969,286.0204
853,386.7969,286.0204
854,386.7969,286.0204
855,386.7969,286.0204
856,363.7593,296.4274
857,363.7593,296.4274
858,363.7593,296.4274
859,363.7593,296.4274
860,363.7593,296.4274
861,363.7593,296.4274
862,356.4067,297.4300
863,356.4067,297.4300
864,356.4067,297.4300
865,356.4067,297.4300
866,356.4067,297.4300
867,356.4067,297.4300
868,356.4067,297.4300
869,349.0541,298.4326
870,349.0541,298.4326
871,349.0541,298.4326
872,349.0541,298.4326
873,349.0541,298.4326
874,349.0541,298.4326
875,349.0541,298.4326
876,341.7016,299.4352
877,341.7016,299.4352
878,341.7016,299.4352
879,341.7016,299.4352
880,341.7016,299.4352
881,341.7016,299.4352
882,341.7016,299.4352
883,346.0126,233.0612
884,346.0126,233.0612
885,346.0126,233.0612
886,346.0126,233.0612
887,346.0126,233.0612
888,346.0126,233.0612
889,346.0126,233.0612
890,339.4249,229.6453
891,339.4249,229.6453
892,339.4249,229.6453
893,339.4249,229.6453
894,339.4249,229.6453
895,339.4249,229.6453
896,339.4249,229.6453
897,332.8372,226.2295
898,332.8372,226.2295
899,332.8372,226.2295
900,332.8372,226.2295
901,332.8372,226.2295
902,332.8372,226.2295
903,332.8372,226.2295
904,332.8372,226.2295
905,326.2495,222.8137
906,326.2495,222.8137
907,326.2495,222.8137
908,326.2495,222.8137
909,326.2495,222.8137
910,326.2495,222.8137
911,326.2495,222.8137
912,319.6618,219.3978
913,319.6618,219.3978
914,319.6618,219.3978
915,319.6618,219.3978
916,319.6618,219.3978
917,319.6618,219.3978
918,319.6618,219.3978
919,313.0742,215.9820
920,313.0742,215.9820
921,313.0742,215.9820
922,313.0742,215.9820
923,313.0742,215.9820
924,313.0742,215.9820
925,313.0742,215.9820
926,314.8994,216.4074
927,314.8994,216.4074
928,314.8994,216.4074
929,314.8994,216.4074
930,314.8994,216.4074
931,314.8994,216.4074
932,314.8994,216.4074
933,309.4111,211.4130
934,309.4111,211.4130
935,309.4111,211.4130
936,309.4111,211.4130
937,309.4111,211.4130
938,309.4111,211.4130
939,309.4111,211.4130
940,303.9227,206.4186
941,303.9227,206.4186
942,303.9227,206.4186
943,303.9227,206.4186
944,303.9227,206.4186
945,303.9227,206.4186
946,298.4344,201.4242
947,298.4344,201.4242
948,298.4344,201.4242
949,298.4344,201.4242
950,298.4344,201.4242
951,298.4344,201.4242
952,298.4344,201.4242
953,292.9460,196.4298
954,292.9460,196.4298
955,292.9460,196.4298
956,292.9460,196.4298
957,292.9460,196.4298
958,292.9460,196.4298
959,292.9460,196.4298
960,287.4577,191.4354
961,287.4577,191.4354
962,287.4577,191.4354
963,287.4577,191.4354
964,287.4577,191.4354
965,287.4577,191.4354
966,287.4577,191.4354
967,281.9694,186.4411
968,281.9694,186.4411
969,281.9694,186.4411
970,281.9694,186.4411
971,281.9694,186.4411
972,281.9694,186.4411
973,281.9694,186.4411
974,276.4810,181.4467
975,276.4810,181.4467
976,276.4810,181.4467
977,276.4810,181.4467
978,276.4810,181.4467
979,276.4810,181.4467
980,276.4810,181.4467
981,270.9927,176.4523
982,270.9927,176.4523
983,270.9927,176.4523
984,270.9927,176.4523
985,270.9927,176.4523
986,270.9927,176.4523
987,265.5044,171.4579
988,265.5044,171.4579
989,265.5044,171.4579
990,265.5044,171.4579
991,265.5044,171.4579
992,265.5044,171.4579
993,265.5044,171.4579
994,260.0160,166.4635
995,260.0160,166.4635
996,260.0160,166.4635
997,260.0160,166.4635
998,260.0160,166.4635
999,260.0160,166.4635
1000,260.0160,166.4635
1001,254.5277,161.4691
1002,254.5277,161.4691
1003,254.5277,161.4691
1004,254.5277,161.4691
1005,254.5277,161.4691
1006,254.5277,161.4691
1007,254.5277,161.4691
1008,249.0394,156.4748
1009,249.0394,156.4748
1010,249.0394,156.4748
1011,249.0394,156.4748
1012,249.0394,156.4748
1013,249.0394,156.4748
1014,249.0394,156.4748
1015,243.5510,151.4804
1016,243.5510,151.4804
1017,243.5510,151.4804
1018,243.5510,151.4804
1019,243.5510,151.4804
1020,243.5510,151.4804
1021,243.5510,151.4804
1022,238.0627,146.4860
1023,238.0627,146.4860
1024,238.0627,146.4860
1025,238.0627,146.4860
1026,238.0627,146.4860
1027,238.0627,146.4860
1028,238.0627,146.4860
1029,232.5744,141.4916
1030,232.5744,141.4916
1031,232.5744,141.4916
1032,232.5744,141.4916
1033,232.5744,141.4916
1034,232.5744,141.4916
1035,227.0860,136.4972
1036,227.0860,136.4972
1037,227.0860,136.4972
1038,227.0860,136.4972
1039,227.0860,136.4972
1040,227.0860,136.4972
1041,227.0860,136.4972
1042,221.5977,131.5028
1043,221.5977,131.5028
1044,221.5977,131.5028
1045,221.5977,131.5028
1046,221.5977,131.5028
1047,221.5977,131.5028
1048,221.5977,131.5028
1049,216.1094,126.5084
1050,216.1094,126.5084
1051,216.1094,126.5084
1052,216.1094,126.5084
1053,216.1094,126.5084
1054,216.1094,126.5084
1055,216.1094,126.5084
1056,210.6210,121.5141
1057,210.6210,121.5141
1058,210.6210,121.5141
1059,210.6210,121.5141
1060,210.6210,121.5141
1061,210.6210,121.5141
1062,210.6210,121.5141
1063,205.1327,116.5197
1064,205.1327,116.5197
1065,205.1327,116.5197
1066,205.1327,116.5197
1067,205.1327,116.5197
1068,205.1327,116.5197
1069,205.1327,116.5197
1070,199.6444,111.5253
1071,199.6444,111.5253
1072,199.6444,111.5253
1073,199.6444,111.5253
1074,199.6444,111.5253
1075,199.6444,111.5253
1076,199.6444,111.5253
1077,194.1560,106.5309
1078,194.1560,106.5309
1079,194.1560,106.5309
1080,194.1560,106.5309
1081,194.1560,106.5309
1082,194.1560,106.5309
1083,194.1560,106.5309
1084,188.6677,101.5365
1085,188.6677,101.5365
1086,188.6677,101.5365
1087,188.6677,101.5365
1088,188.6677,101.5365
1089,188.6677,101.5365
1090,188.6677,101.5365
1091,183.1794,96.5421
1092,183.1794,96.5421
1093,183.1794,96.5421
1094,183.1794,96.5421
1095,183.1794,96.5421
1096,183.1794,96.5421
1097,183.1794,96.5421
1098,177.6910,91.5478
1099,177.6910,91.5478
1100,177.6910,91.5478
1101,177.6910,91.5478
1102,177.6910,91.5478
1103,177.6910,91.5478
1104,177.6910,91.5478
1105,172.2027,86.5534
1106,172.2027,86.5534
1107,172.2027,86.5534
1108,172.2027,86.5534
1109,172.2027,86.5534
1110,172.2027,86.5534
1111,172.2027,86.5534
1112,166.7144,81.5590
1113,166.7144,81.5590
1114,166.7144,81.5590
1115,166.7144,81.5590
1116,166.7144,81.5590
1117,166.7144,81.5590
1118,166.7144,81.5590
1119,161.2260,76.5646
1120,161.2260,76.5646
1121,161.2260,76.5646
1122,161.2260,76.5646
1123,161.2260,76.5646
1124,161.2260,76.5646
1125,161.2260,76.5646
1126,155.7377,71.5702
1127,155.7377,71.5702
1128,155.7377,71.5702
1129,155.7377,71.5702
1130,155.7377,71.5702
1131,155.7377,71.5702
1132,155.7377,71.5702
1133,150.2494,66.5758
1134,150.2494,66.5758
1135,150.2494,66.5758
1136,150.2494,66.5758
1137,150.2494,66.5758
1138,150.2494,66.5758
1139,150.2494,66.5758
1140,144.7610,61.5814
1141,144.7610,61.5814
1142,144.7610,61.5814
1143,144.7610,61.5814
1144,144.7610,61.5814
1145,144.7610,61.5814
1146,144.7610,61.5814
1147,139.2727,56.5871
1148,139.2727,56.5871
1149,139.2727,56.5871
1150,139.2727,56.5871
1151,139.2727,56.5871
1152,139.2727,56.5871
1153,139.2727,56.5871
1154,133.7843,51.5927
1155,133.7843,51.5927
1156,133.7843,51.5927
1157,133.7843,51.5927
1158,133.7843,51.5927
1159,133.7843,51.5927
1160,133.7843,51.5927
1161,128.2960,46.5983
1162,128.2960,46.5983
1163,128.2960,46.5983
1164,128.2960,46.5983
1165,128.2960,46.5983
1166,128.2960,46.5983
1167,128.2960,46.5983
1168,122.8077,41.6039
1169,122.8077,41.6039
1170,122.8077,41.6039
1171,122.8077,41.6039
1172,122.8077,41.6039
1173,122.8077,41.6039
1174,122.8077,41.6039
1175,117.3193,36.6095
1176,117.3193,36.6095
1177,117.3193,36.6095
1178,117.3193,36.6095
1179,117.3193,36.6095
1180,117.3193,36.6095
1181,117.3193,36.6095
1182,111.8310,31.6151
1183,111.8310,31.6151
1184,111.8310,31.6151
1185,111.8310,31.6151
1186,111.8310,31.6151
1187,111.8310,31.6151
1188,111.8310,31.6151
1189,106.3427,26.6208
1190,106.3427,26.6208
1191,106.3427,26.6208
1192,106.3427,26.6208
1193,106.3427,26.6208
1194,106.3427,26.6208
1195,106.3427,26.6208
1196,100.8543,21.6264
1197,100.8543,21.6264
1198,100.8543,21.6264
1199,100.8543,21.6264
1200,100.8543,21.6264
1201,100.8543,21.6264
1202,100.8543,21.6264
1203,95.3660,16.6320
1204,95.3660,16.6320
1205,95.3660,16.6320
1206,95.3660,16.6320
1207,95.3660,16.6320
1208,95.3660,16.6320
1209,95.3660,16.6320
1210,89.8777,11.6376
1211,89.8777,11.6376
1212,89.8777,11.6376
1213,89.8777,11.6376
1214,89.8777,11.6376
1215,89.8777,11.6376
1216,89.8777,11.6376
1217,84.3893,6.6432
1218,84.3893,6.6432
1219,84.3893,6.6432
1220,84.3893,6.6432
1221,84.3893,6.6432
1222,84.3893,6.6432
1223,84.3893,6.6432
1224,78.9010,1.6488
1225,78.9010,1.6488
1226,78.9010,1.6488
1227,78.9010,1.6488
1228,78.9010,1.6488
1229,78.9010,1.6488
1230,78.9010,1.6488
1231,73.4127,0.0000
1232,73.4127,0.0000
1233,73.4127,0.0000
1234,73.4127,0.0000
1235,73.4127,0.0000
1236,73.4127,0.0000
1237,73.4127,0.0000
1238,67.9243,0.0000
1239,67.9243,0.0000
1240,67.9243,0.0000
1241,67.9243,0.0000
1242,67.9243,0.0000
1243,67.9243,0.0000
1244,67.9243,0.0000
1245,62.4360,0.0000
1246,62.4360,0.0000
1247,62.4360,0.0000
1248,62.4360,0.0000
1249,62.4360,0.0000
1250,62.4360,0.0000
1251,62.4360,0.0000
1252,56.9477,0.0000
1253,56.9477,0.0000
1254,56.9477,0.0000
1255,56.9477,0.0000
1256,56.9477,0.0000
1257,56.9477,0.0000
1258,56.9477,0.0000
1259,51.4593,0.0000
1260,51.4593,0.0000
1261,51.4593,0.0000
1262,51.4593,0.0000
1263,51.4593,0.0000
1264,51.4593,0.0000
1265,51.4593,0.0000
1266,45.9710,0.0000
1267,45.9710,0.0000
1268,45.9710,0.0000
1269,45.9710,0.0000
1270,45.9710,0.0000
1271,45.9710,0.0000
1272,45.9710,0.0000
1273,40.4827,0.0000
1274,40.4827,0.0000
1275,40.4827,0.0000
1276,40.4827,0.0000
1277,40.4827,0.0000
1278,40.4827,0.0000
1279,40.4827,0.0000
1280,34.9943,0.0000
1281,34.9943,0.0000
1282,34.9943,0.0000
1283,34.9943,0.0000
1284,34.9943,0.0000
1285,34.9943,0.0000
1286,34.9943,0.0000
1287,29.5060,0.0000
1288,29.5060,0.0000
1289,29.5060,0.0000
1290,29.5060,0.0000
1291,29.5060,0.0000
1292,29.5060,0.0000
1293,29.5060,0.0000
1294,24.0177,0.0000
1295,24.0177,0.0000
1296,24.0177,0.0000
1297,24.0177,0.0000
1298,24.0177,0.0000
1299,24.0177,0.0000
1300,24.0177,0.0000
1301,24.0177,0.0000
1302,18.5293,0.0000
1303,18.5293,0.0000
1304,18.5293,0.0000
1305,18.5293,0.0000
1306,18.5293,0.0000
1307,18.5293,0.0000
1308,18.5293,0.0000
1309,13.0410,0.0000
1310,13.0410,0.0000
1311,13.0410,0.0000
1312,13.0410,0.0000
1313,13.0410,0.0000
1314,13.0410,0.0000
1315,13.0410,0.0000
1316,7.5527,0.0000
1317,7.5527,0.0000
1318,7.5527,0.0000
1319,7.5527,0.0000
1320,7.5527,0.0000
1321,7.5527,0.0000
1322,7.5527,0.0000
1323,2.0643,0.0000
1324,2.0643,0.0000
1325,2.0643,0.0000
1326,2.0643,0.0000
1327,2.0643,0.0000
1328,2.0643,0.0000
1329,2.0643,0.0000
1330,0.0000,0.0000
1331,0.0000,0.0000
1332,0.0000,0.0000
1333,0.0000,0.0000
1334,0.0000,0.0000
1335,0.0000,0.0000
1336,0.0000,0.0000
1337,0.0000,0.0000
1338,0.0000,0.0000
1339,0.0000,0.0000
1340,0.0000,0.0000
1341,0.0000,0.0000
1342,0.0000,0.0000
1343,0.0000,0.0000
1344,0.0000,0.0000
1345,0.0000,0.0000
1346,0.0000,0.0000
1347,0.0000,0.0000
1348,0.0000,0.0000
1349,0.0000,0.0000
1350,0.0000,0.0000
1351,0.0000,0.0000
1352,0.0000,0.0000
1353,0.0000,0.0000
1354,0.0000,0.0000
1355,0.0000,0.0000
1356,0.0000,0.0000
1357,0.0000,0.0000
1358,0.0000,0.0000
1359,0.0000,0.0000
1360,0.0000,0.0000
1361,0.0000,0.0000
1362,0.0000,0.0000
1363,0.0000,0.0000
1364,0.0000,0.0000
1365,0.0000,0.0000
1366,0.0000,0.0000
1367,0.0000,0.0000
1368,0.0000,0.0000
1369,0.0000,0.0000
1370,0.0000,0.0000
1371,0.0000,0.0000
1372,0.0000,0.0000
1373,0.0000,0.0000
1374,0.0000,0.0000
1375,0.0000,0.0000
1376,0.0000,0.0000
1377,0.0000,0.0000
1378,0.0000,0.0000
1379,0.0000,0.0000
1380,0.0000,0.0000
1381,0.0000,0.0000
1382,0.0000,0.0000
1383,0.0000,0.0000
1384,0.0000,0.0000
1385,0.0000,0.0000
1386,0.0000,0.0000
1387,0.0000,0.0000
1388,0.0000,0.0000
1389,0.0000,0.0000
1390,0.0000,0.0000
1391,0.0000,0.0000
1392,0.0000,0.0000
1393,0.0000,0.0000
1394,0.0000,0.0000
1395,0.0000,0.0000
1396,0.0000,0.0000
1397,0.0000,0.0000
1398,0.0000,0.0000
1399,0.0000,0.0000
1400,0.0000,0.0000
1401,0.0000,0.0000
1402,0.0000,0.0000
1403,0.0000,0.0000
1404,0.0000,0.0000
1405,0.0000,0.0000
1406,0.0000,0.0000
1407,0.0000,0.0000
1408,0.0000,0.0000
1409,0.0000,0.0000
1410,0.0000,0.0000
1411,0.0000,0.0000
1412,0.0000,0.0000
1413,0.0000,0.0000
1414,0.0000,0.0000
1415,0.0000,0.0000
1416,0.0000,0.0000
1417,0.0000,0.0000
1418,0.0000,0.0000
1419,0.0000,0.0000
1420,0.0000,0.0000
1421,0.0000,0.0000
1422,0.0000,0.0000
1423,0.0000,0.0000
1424,0.0000,0.0000
1425,0.0000,0.0000
1426,0.0000,0.0000
1427,0.0000,0.0000
1428,0.0000,0.0000
1429,0.0000,0.0000
1430,0.0000,0.0000
1431,0.0000,0.0000
1432,0.0000,0.0000
1433,0.0000,0.0000
1434,0.0000,0.0000
1435,0.0000,0.0000
1436,0.0000,0.0000
1437,0.0000,0.0000
1438,0.0000,0.0000
1439,0.0000,0.0000
1440,0.0000,0.0000
1441,0.0000,0.0000
1442,0.0000,0.0000
1443,0.0000,0.0000
1444,0.0000,0.0000
1445,0.0000,0.0000
1446,0.0000,0.0000
1447,0.0000,0.0000
1448,0.0000,0.0000
1449,0.0000,0.0000
1450,0.0000,0.0000
1451,0.0000,0.0000
1452,0.0000,0.0000
1453,0.0000,0.0000
1454,0.0000,0.0000
1455,0.0000,0.0000
1456,0.0000,0.0000
1457,0.0000,0.0000
1458,0.0000,0.0000
1459,0.0000,0.0000
1460,0.0000,0.0000
1461,0.0000,0.0000
1462,0.0000,0.0000
1463,0.0000,0.0000
1464,0.0000,0.0000
1465,0.0000,0.0000
1466,0.0000,0.0000
1467,0.0000,0.0000
1468,0.0000,0.0000
1469,0.0000,0.0000
1470,0.0000,0.0000
1471,0.0000,0.0000
1472,0.0000,0.0000
1473,0.0000,0.0000
1474,0.0000,0.0000
1475,0.0000,0.0000
1476,0.0000,0.0000
1477,0.0000,0.0000
1478,0.0000,0.0000
1479,0.0000,0.0000
1480,0.0000,0.0000
1481,0.0000,0.0000
1482,0.0000,0.0000
1483,0.0000,0.0000
1484,0.0000,0.0000
1485,0.0000,0.0000
1486,0.0000,0.0000
1487,0.0000,0.0000
1488,0.0000,0.0000
1489,0.0000,0.0000
1490,0.0000,0.0000
1491,0.0000,0.0000
1492,0.0000,0.0000
1493,0.0000,0.0000
1494,0.0000,0.0000
1495,0.0000,0.0000
1496,0.0000,0.0000
1497,0.0000,0.0000
1498,0.0000,0.0000
1499,0.0000,0.0000
1500,0.0000,0.0000